

{
  "name": "dnd4e",
  "title": "Dungeons & Dragons 4th Edition",
  "description": "The Best Version of D&D",
  "version": "0.1.7",
  "minimumCoreVersion": "0.4.4",
  "compatibleCoreVersion": "0.6.6",
  "author": "blah",
  "scripts": [],
  "esmodules": ["dnd4e.js"],
  "styles": [
    "dnd4e.css"],
  "packs": [],
  "languages": [],
  "socket": true,
  "gridDistance": 1,
  "gridUnits": "",
  "primaryTokenAttribute": "mech.hp",
  "secondaryTokenAttribute": "mech.heat",
  "url": "https://github.com/mbutler/foundryvtt-dnd4e",
  "manifest": "https://raw.githubusercontent.com/mbutler/foundryvtt-dnd4e/master/system.json",
  "download": "https://github.com/yoshifanx/foundryvtt-dnd4e/blob/master/dnd4e.zip",
  "license": "GNU GPLv3",
  "readme": "",
  "bugs": "",
  "changelog": ""
}
