{
    "Actor": {
      "types": [
        "character"
      ],
      "character": {
        "description": {
          "portrait_url": "",
          "player_name": "",
          "character_name": "",
          "level": 0,
          "class": "",
          "paragon_path": "",
          "epic_destiny": "",
          "race": "",
          "size": "",
          "age": "",
          "gender": "",
          "height": "",
          "weight": "",
          "alignment": "",
          "deity": "",
          "affiliation": "",
          "total_xp": 0
        },
        "initiative": {
          "score": 0,
          "dex": 0,
          "half_level": 0,
          "misc": 0
        },
        "abilities": {
          "strength": {
            "score": 0,
            "abil_mod": 0,
            "mod_plus_half_lvl": 0
          },
          "dexterity": {
            "score": 0,
            "abil_mod": 0,
            "mod_plus_half_lvl": 0
          },
          "constitution": {
            "score": 0,
            "abil_mod": 0,
            "mod_plus_half_lvl": 0
          },
          "intelligence": {
            "score": 0,
            "abil_mod": 0,
            "mod_plus_half_lvl": 0
          },
          "wisdom": {
            "score": 0,
            "abil_mod": 0,
            "mod_plus_half_lvl": 0
          },
          "charisma": {
            "score": 0,
            "abil_mod": 0,
            "mod_plus_half_lvl": 0
          }
        },
        "defenses": {
          "ac": {
            "score": 0,
            "10_plus_half_lvl": 0,
            "armor_abil": 0,
            "class": 0,
            "feat": 0,
            "enh": 0,
            "misc": 0
          },
          "fortitude": {
            "score": 0,
            "10_plus_half_lvl": 0,
            "armor_abil": 0,
            "class": 0,
            "feat": 0,
            "enh": 0,
            "misc": 0
          },
          "reflex": {
            "score": 0,
            "10_plus_half_lvl": 0,
            "armor_abil": 0,
            "class": 0,
            "feat": 0,
            "enh": 0,
            "misc": 0
          },
          "will": {
            "score": 0,
            "10_plus_half_lvl": 0,
            "armor_abil": 0,
            "class": 0,
            "feat": 0,
            "enh": 0,
            "misc": 0
          }
        },
        "movement": {
          "speed": {
            "score": 0,
            "base": 0,
            "armor": 0,
            "item": 0,
            "misc": 0
          }
        },
        "senses": {
          "insight": {
            "score": 0,
            "base": 10,
            "skill_bonus": 0
          },
          "perception": {
            "score": 0,
            "base": 10,
            "skill_bonus": 0
          }
        },
        "hit_points": {
          "max_hp": 0,
          "bloodied": 0,
          "healing_surge_value": 0,
          "surges_per_day": 0
        },
        "action_points": 0,
        "powers": {
          "at-will": {},
          "encounter": {},
          "daily": {},
          "utility": {}
        },
        "basic_attacks": {
          "first": {
            "attack": 0,
            "vs_defense": "",
            "weapon": "",
            "damage": ""
          },
          "second": {
            "attack": 0,
            "vs_defense": "",
            "weapon": "",
            "damage": ""
          },
          "third": {
            "attack": 0,
            "vs_defense": "",
            "weapon": "",
            "damage": ""
          },
          "fourth": {
            "attack": 0,
            "vs_defense": "",
            "weapon": "",
            "damage": ""
          }
        },
        "skills": {
          "acrobatics": {
            "bonus": 0,
            "mod_plus_half_lvl": 0,
            "trnd": 0,
            "armor_penalty": 0,
            "misc": 0
          },
          "arcana": {
            "bonus": 0,
            "mod_plus_half_lvl": 0,
            "trnd": 0,
            "armor_penalty": 0,
            "misc": 0
          },
          "athletics": {
            "bonus": 0,
            "mod_plus_half_lvl": 0,
            "trnd": 0,
            "armor_penalty": 0,
            "misc": 0
          },
          "bluff": {
            "bonus": 0,
            "mod_plus_half_lvl": 0,
            "trnd": 0,
            "armor_penalty": 0,
            "misc": 0
          },
          "diplomacy": {
            "bonus": 0,
            "mod_plus_half_lvl": 0,
            "trnd": 0,
            "armor_penalty": 0,
            "misc": 0
          },
          "dungeoneering": {
            "bonus": 0,
            "mod_plus_half_lvl": 0,
            "trnd": 0,
            "armor_penalty": 0,
            "misc": 0
          },
          "endurance": {
            "bonus": 0,
            "mod_plus_half_lvl": 0,
            "trnd": 0,
            "armor_penalty": 0,
            "misc": 0
          },
          "heal": {
            "bonus": 0,
            "mod_plus_half_lvl": 0,
            "trnd": 0,
            "armor_penalty": 0,
            "misc": 0
          },
          "history": {
            "bonus": 0,
            "mod_plus_half_lvl": 0,
            "trnd": 0,
            "armor_penalty": 0,
            "misc": 0
          },
          "insight": {
            "bonus": 0,
            "mod_plus_half_lvl": 0,
            "trnd": 0,
            "armor_penalty": 0,
            "misc": 0
          },
          "intimidate": {
            "bonus": 0,
            "mod_plus_half_lvl": 0,
            "trnd": 0,
            "armor_penalty": 0,
            "misc": 0
          },
          "nature": {
            "bonus": 0,
            "mod_plus_half_lvl": 0,
            "trnd": 0,
            "armor_penalty": 0,
            "misc": 0
          },
          "perception": {
            "bonus": 0,
            "mod_plus_half_lvl": 0,
            "trnd": 0,
            "armor_penalty": 0,
            "misc": 0
          },
          "religion": {
            "bonus": 0,
            "mod_plus_half_lvl": 0,
            "trnd": 0,
            "armor_penalty": 0,
            "misc": 0
          },
          "stealth": {
            "bonus": 0,
            "mod_plus_half_lvl": 0,
            "trnd": 0,
            "armor_penalty": 0,
            "misc": 0
          },
          "streetwise": {
            "bonus": 0,
            "mod_plus_half_lvl": 0,
            "trnd": 0,
            "armor_penalty": 0,
            "misc": 0
          },
          "thievery": {
            "bonus": 0,
            "mod_plus_half_lvl": 0,
            "trnd": 0,
            "armor_penalty": 0,
            "misc": 0
          }
        },
        "class_features": {},
        "race_features": {},
        "feats": {},
        "languages": {},
        "magic_items": {
          "weapon_1": "",
          "weapon_2": "",
          "weapon_3": "",
          "weapon_4": "",
          "armor": "",
          "arms": "",
          "feet": "",
          "hands": "",
          "head": "",
          "neck": "",
          "ring_1": "",
          "ring_2": "",
          "waist": "",
          "misc": ""
        },
        "rituals": {},
        "equipment": {},
        "personality_traits": {},
        "mannerisms_appearance": {},
        "character_background": {},
        "companions_allies": {},
        "wealth": {},
        "notes": {}
      }
    },
    "Item": {}
  }